sotre,sido,gungu,store_address
경남창원시북면온천점,경남,창원시,경남창원시의창구북면천주로1165번길21
경남창원시사파점,경남,창원시,경남창원시성산구동산로194
경남창원시상남점,경남,창원시,경남창원시성산구토월로80
경남창원시석전점,경남,창원시,경남창원시마산회원구석전남8길59
경남창원시소답점,경남,창원시,경남창원시의창구읍성로17번길8
경남창원시양덕1호점,경남,창원시,경남창원시마산회원구양덕북10길8
경남창원시용원점,경남,창원시,경남창원시진해구안골로348
경남창원시월영점,경남,창원시,경남창원시마산합포구월영북로21
경남창원시중앙여좌점,경남,창원시,경남창원시진해구편백로14번길12-1
경남창원시진동점,경남,창원시,경남창원시마산합포구진동면삼진의거대로639
경남창원시창동점,경남,창원시,경남창원시마산합포구남성로130-1
경남창원시팔용점,경남,창원시,경남창원시의창구남산로1번길52
경남창원시풍호점,경남,창원시,경남창원시진해구풍호로61
경남창원시합성1호점,경남,창원시,경남창원시마산회원구합성동6길13
경남창원시회원점,경남,창원시,경남창원시마산회원구북성로166
경남창원시NC다이노스점,경남,창원시,경남창원시마산회원구삼호로63
경남통영시도남점,경남,통영시,경남통영시서송정1길32-3
경남통영시북신점,경남,통영시,경남통영시북신동해미당화목토길화목토0
경남통영시죽림점,경남,창원시,경남통영시광도면죽림3로43-11
경남하동군하동점,경남,하동군,경남하동군하동읍중앙로18
경남함안군군북점,경남,함안군,경남함안군군북면중암7길12
경남함안군함안점,경남,함안군,경남함안군가야읍함안대로555
경남함양군서하점,경남,함양군,경남함양군서하면함양남서로3938
경남함양군함양점,경남,함양군,경남함양군함양읍용평길8
경남합천군합천점,경남,합천군,경남합천군합천읍충효로98-17
경북경산시계양사동점,경북,경산시,경북경산시계양로8길38
경북경산시서부백천점,경북,경산시,경북경산시경산로28부영2차아파트상가103호
경북경산시영대점,경북,경산시,경북경산시대학로61길6-5
경북경산시옥산정평점,경북,경산시,경북경산시대학로16길31
경북경산시진량점,경북,경산시,경북경산시진량읍영청길15
경북경산시하양점,경북,경산시,경북경산시하양읍하양역길18
경북경주시강동점,경북,경주시,경북경주시강동면동해대로166-11
경북경주시건천점,경북,경주시,경북경주시건천읍대곡용명길24
경북경주시금장점,경북,경주시,경북경주시현곡면안현로68-3
경북경주시내남점,경북,경주시,경북경주시내남면이조중앙길13-1
경북경주시동천점,경북,경주시,경북경주시동천로30번길14-2
경북경주시성건점,경북,경주시,경북경주시금성로396번길5
경북경주시안강점,경북,경주시,경북경주시안강읍구부랑길42
경북경주시외동점,경북,경주시,경북경주시외동읍입실로1길58
경북경주시충효점,경북,경주시,경북경주시충효녹지길36-6
경북경주시황성점,경북,경주시,경북경주시황성로69번길38-6
경북고령군고령점,경북,고령군,경북고령군고령읍시장1길11
경북구미시공단비산점,경북,구미시,경상북도구미시비산로5길28
경북구미시봉곡도량점,경북,구미시,경북구미시도봉로3길3-3
경북구미시산동확장단지점,경북,구미시,경북구미시산동면신당인덕1로139
경북구미시상모사곡점,경북,구미시,경북구미시상사서로12길3
경북구미시선산점,경북,구미시,경북구미시선산읍남문로3길17
경북구미시송정원평점,경북,구미시,경북구미시금오산로22길15-14
경북구미시신평점,경북,구미시,경상북도구미시신비로26
경북구미시옥계점,경북,구미시,경북구미시산호대로25길26-3
경북구미시원호도량1동점,경북,구미시,경북구미시고아읍문장로22길20103호
경북구미시인동점,경북,구미시,경북구미시인동39길22-65
경북구미시임수황상점,경북,구미시,경북구미시인동북길25
경북구미시형곡점,경북,구미시,경북구미시형곡로90
경북김천시김천1점,경북,김천시,경북김천시김천로24-1
경북김천시덕곡율곡점,경북,김천시,경북김천시영남대로2040-6
경북김천시신음삼락점,경북,김천시,경북김천시시청로40
경북김천시아포점,경북,김천시,경북김천시아포읍한지2길64-4
경북문경시문경점,경북,문경시,경북문경시점촌로8
경북봉화군봉화점,경북,봉화군,경북봉화군봉화읍내성로1길41-1
경북상주시상주2호점,경북,상주시,경북상주시동수4길33제상가동101호
경북상주시함창점,경북,상주시,경북상주시함창읍함창시장2길2
경북안동시안동점,경북,안동시,경북안동시서동문로86
경북안동시옥동송현점,경북,안동시,경북안동시광명로126
경북안동시용상점,경북,안동시,경북안동시경동로889
경북영덕군영덕점,경북,영덕군,경북영덕군영덕읍군청길133
경북영덕군영해점,경북,영덕군,경북영덕군영해면예주시장길16-1
경북영주시영주2점,경북,영주시,경북영주시구성로389로얄상가111호
경북영주시풍기점,경북,영주시,경북영주시풍기읍동성로68
경북영주시휴천점,경북,영주시,경북영주시대학로36
경북영천시야사점,경북,영천시,경북영천시망정로60
경북예천시예천점,경북,예천군,경북예천군예천읍중앙로24-1
경북울진군백암점,경북,울진군,경북울진군온정면소태로9-29
경북울진군북면점,경북,울진군,경북울진군북면울진북로2120
경북울진군울진점,경북,울진군,경북울진군울진읍울진중앙로56
경북울진군죽변점,경북,울진군,경북울진군죽변면죽변북로60
경북울진군후포점,경북,울진군,경북울진군후포면삼율6길16-14
경북의성군의성점,경북,의성군,경상북도의성군의성읍동서1길72
경북청도군청도점,경북,청도군,경북청도군청도읍청화로150-1
경북칠곡군오태북삼점,경북,칠곡군,경북칠곡군북삼읍금오대로10길19
경북칠곡군왜관점,경북,칠곡군,경북칠곡군왜관읍중앙로3길2-1
경북칠곡군중리점,경북,칠곡군,경북칠곡군석적읍북중리11길14
경북포항시남부점,경북,포항시,경북포항시남구상도로56
경북포항시달전점,경북,포항시,경북포항시북구흥해읍도음로877번길9
경북포항시대이점,경북,포항시,경북포항시남구대이로112-3
경북포항시두호점,경북,포항시,경북포항시북구삼호로245번길10
경북포항시송도점,경북,포항시,경북포항시남구송림로8
경북포항시양덕점,경북,포항시,경북포항시북구양덕로23
경북포항시연일점,경북,포항시,경북포항시남구연일읍철강로41번길52-6
경북포항시오천점,경북,포항시,경북포항시남구오천읍남원로53
경북포항시용흥점,경북,포항시,경북포항시북구새마을로92
경북포항시우현점,경북,포항시,경북포항시북구선착로3-1
경북포항시장성점,경북,포항시,경북포항시북구법원로8번길16
경북포항시죽도점,경북,포항시,경북포항시북구중흥로255번길13
경북포항시청하점,경북,포항시,경북포항시북구청하면청하로217번길2
경북포항시해도점[B],경북,남구,경북포항시남구해동로55-1
경북포항시효곡점,경북,포항시,경북포항시남구효자동길10번길19
경북포항시흥해점,경북,포항시,경북포항시북구흥해읍흥해로26
광주광산구산정점,광주,광산구,광주광산구하남대로54번안길59
광주광산구선운점,광주,광산구,광주광산구선운중앙로43
